{"cameraMode":{"drawMode":0,"name":"Shaded","section":"Shading Mode"},"sceneLighting":true,"audioPlay":false,"sceneViewState":{"showFog":true,"showMaterialUpdate":true,"showSkybox":true,"showFlares":true,"showImageEffects":true,"showParticleSystems":true},"in2DMode":false,"pivot":{"x":1096.128173828125,"y":664.3889770507813,"z":229.65284729003907},"rotation":{"x":-0.07361404597759247,"y":0.05890190601348877,"z":-0.004355748184025288,"w":-0.9955373406410217},"size":1858.9932861328125,"orthographic":false}